TCP,Page Count
A00002,134
A00005,302
A00007,386
A00008,14
A00011,54
A00012,99
A00014,1
A00015,16
A00018,26
A00021,16
A00024,62
A00025,1
A00026,1
A00028,1
A00033,16
A00034,50
A00044,1
A00049,66
A00075,30
A00089,54
A00091,6
A00092,1
A00102,36
A00156,8
A00157,12
A00158,24
A00159,22
A00164,7
A00171,20
A00179,40
A00190,16
A00191,12
A00193,14
A00198,38
A00201,16
A00211,13
A00214,28
A00215,1
A00227,10
A00229,14
A00230,16
A00233,20
A00234,23
A00235,2
A00249,112
A00254,18
A00256,20
A00257,4
A00259,27
A00260,12
A00261,42
A00263,17
A00265,10
A00267,46
A00268,18
A00271,40
A00275,58
A00277,58
A00281,200
A00283,158
A00285,1
A00287,1
A00289,65
A00293,2
A00301,96
A00303,178
A00313,52
A00316,774
A00320,81
A00321,392
A00325,74
A00327,162
A00329,56
A00331,100
A00332,42
A00333,172
A00338,94
A00341,79
A00342,96
A00344,107
A00350,112
A00354,48
A00356,102
A00358,42
A00361,48
A00363,343
A00364,62
A00374,74
A00375,136
A00376,36
A00377,70
A00378,156
A00380,133
A00381,228
A00384,162
A00386,74
A00387,357
A00389,110
A00391,72
A00392,44
A00393,52
A00395,43
A00397,26
A00400,94
A00401,37
A00402,42
A00403,1
A00405,100
A00408,98
A00412,566
A00414,500
A00419,746
A00423,99
A00426,72
A00429,884
A00430,254
A00437,112
A00439,158
A00440,618
A00446,274
A00448,188
A00452,374
A00454,47
A00455,34
A00457,177
A00458,82
A00459,78
A00460,64
A00461,124
A00462,26
A00465,80
A00472,274
A00475,2
A00476,1
A00477,8
A00478,2
A00483,42
A00489,1
A00499,1
A00505,108
A00508,182
A00510,48
A00514,120
A00518,10
A00519,2
A00522,68
A00525,854
A00527,72
A00535,106